display	[ <display-outside> || <display-inside> ] | <display-listitem> | <display-internal> | <display-box> | <display-legacy>	inline	all elements	no	n/a	not animatable	per grammar	a pair of keywords representing the inner and outer display types plus optional list-item flag, or a <display-internal> or <display-box> keyword; see prose in a variety of specs for computation rules
<display-outside>  = block | inline | run-in
<display-inside>   = flow | flow-root | table | flex | grid | ruby
<display-listitem> = <display-outside>? && [ flow | flow-root ]? && list-item
<display-internal> = table-row-group | table-header-group |\
                     table-footer-group | table-row | table-cell |\
                     table-column-group | table-column | table-caption |\
                     ruby-base | ruby-text | ruby-base-container |\
                     ruby-text-container
<display-box>      = contents | none
<display-legacy>   = inline-block | inline-table | inline-flex | inline-grid

order	<integer>	0	flex items and grid items	no	n/a	by computed value type	per grammar	specified integer	
visibility	visible | hidden | collapse	visible	all elements	yes	N/A	discrete	per grammar	as specified	visual
