<position> = <position-four> | <position-two> | <position-one>
<position-one> = [\
  left | center | right | top | bottom |\
  x-start | x-end | y-start | y-end |\
  block-start | block-end | inline-start | inline-end |\
  <length-percentage>\
]
<position-two> = [\
  [ left | center | right | x-start | x-end ] &&\
  [ top | center | bottom | y-start | y-end ]\
|\
  [ left | center | right | x-start | x-end | <length-percentage> ]\
  [ top | center | bottom | y-start | y-end | <length-percentage> ]\
|\
  [ block-start | center | block-end ] &&\
  [ inline-start | center | inline-end ]\
|\
  [ start | center | end ]{2}\
]
<position-four> = [\
  [ [ left | right | x-start | x-end ] <length-percentage> ] &&\
  [ [ top | bottom | y-start | y-end ] <length-percentage> ]\
|\
  [ [ block-start | block-end ] <length-percentage> ] &&\
  [ [ inline-start | inline-end ] <length-percentage> ]\
|\
  [ [ start | end ] <length-percentage> ]{2}\
]
<length-percentage> = <length> | <percentage> | <number>
<calc()> = calc( <calc-sum> )
<calc-sum> = <calc-product> [ [ '+' | '-' ] <calc-product> ]*
<calc-product> = <calc-value> [ [ '*' | '/' ] <calc-value> ]*
<calc-value> = <number> | <dimension> | <percentage> |\
               <calc-keyword> | ( <calc-sum> )
<calc-keyword> = e | pi | infinity | -infinity | NaN