<opacity-value> = <number> | <percentage>
<color-space> = <rectangular-color-space> | <polar-color-space> | <custom-color-space>
<rectangular-color-space> = srgb | srgb-linear | display-p3 | display-p3-linear | a98-rgb | prophoto-rgb | rec2020 | lab | oklab | <xyz-space>
<polar-color-space> = hsl | hwb | lch | oklch
<custom-color-space> = <dashed-ident>
<hue-interpolation-method> = [ shorter | longer | increasing | decreasing ] hue
<color-interpolation-method> = in [ <rectangular-color-space> | <polar-color-space> <hue-interpolation-method>? | <custom-color-space> ]
<xyz-space> = xyz | xyz-d50 | xyz-d65
# See <color> definition in CSS::Module::CSS2026
# <color> = <color-base> | currentColor | <system-color>
# <color-base> = <hex-color> | <color-function> | <named-color> | transparent
# <color-function> = <rgb()> | <rgba()> | <hsl()> | <hsla()>\
# | <hwb()> | <lab()> | <lch()> | <oklab()> | <oklch()> | <color()>

# Browsers are pretty forgiving with mixing rgb() vs rgba() and legacy vs modern syntax
<rgb()> = rgb([<number> | <percentage>]#{3} [[,|/] <alpha-value>]?)
<rgba()> = rgba([<number> | <percentage>]#{3} [[,|/] <alpha-value>]?)

# Same goes for hsl() vs hsla()
<hsl()> = hsl(\
    [<hue> | none] ,?  [<percentage> | <number> | none] ,?\
    [<percentage> | <number> | none] [,|/]? [ <alpha-value>]?\
)
<hsla()> = hsla(\
    [<hue> | none] ,?  [<percentage> | <number> | none] ,?\
    [<percentage> | <number> | none] [,|/]? [ <alpha-value>]?\
)
<hue> = <number> | <angle>

<system-color> = AccentColor | AccentColorText | ActiveText | ButtonBorder | ButtonFace\
| ButtonText | Canvas | CanvasText | Field | FieldText| GrayText | Highlight | HighlightText\
| LinkText | Mark | MarkText | SelectedItem | SelectedItemText | VisitedText
color	<color> | <system-color>	CanvasText	all elements and text	yes	N/A	by computed value type	per grammar	computed color, see resolving color values
opacity	<opacity-value>	1	all elements	no	map to the range [0,1]	by computed value type	per grammar	specified number, clamped to the range [0,1]
