<counter-style> = <counter-style-name> | <symbols()>
<counter-style-name> = decimal | decimal-leading-zero | arabic-indic | armenian |\
    upper-armenian | lower-armenian | bengali | cambodian | khmer | cjk-decimal |\
    devanagari | georgian | gujarati | gurmukhi | hebrew | kannada | lao | malayalam\
    | mongolian | myanmar | oriya | persian | lower-roman | upper-roman | tamil |\
    telugu | thai | tibetan | lower-alpha | lower-latin | upper-alpha | upper-latin |\
    lower-greek | disc | circle | square | disclosure-open | disclosure-closed |\
    cjk-earthly-branch | cjk-earthly-stem | japanese-informal | japanese-formal |\
    korean-hangul-formal | korean-hanja-informal | korean-hanja-formal |\
    simp-chinese-informal | simp-chinese-formal | trad-chinese-informal |\
    trad-chinese-formal | korean-hangul-formal | korean-hanja-informal |\
    korean-hanja-formal | cjk-decimal | ethiopic-numeric
symbols() = symbols( <symbols-type>? [ <string> | <image> ]+ )
<symbols-type> = cyclic | numeric | alphabetic | symbolic | fixed