<font-family-name> = <identifiers> | <string>
<font-variant-css2> = normal | small-caps
<font-feature-value-name> = <ident>
<feature-tag-value> = <opentype-tag> [ <integer [0,∞]> | on | off ]?
<opentype-tag> = <string>
<east-asian-variant-values> = [ jis78 | jis83 | jis90 | jis04 | simplified | traditional ]
<east-asian-width-values>   = [ full-width | proportional-width ]
<common-lig-values>        = [ common-ligatures | no-common-ligatures ]
<discretionary-lig-values> = [ discretionary-ligatures | no-discretionary-ligatures ]
<historical-lig-values>    = [ historical-ligatures | no-historical-ligatures ]
<contextual-alt-values>    = [ contextual | no-contextual ]
<stylistic()>         = stylistic(<font-feature-value-name>)
<styleset()>          = styleset(<font-feature-value-name>#)
<character-variant()> = character-variant(<font-feature-value-name>#)
<swash()>             = swash(<font-feature-value-name>)
<ornaments()>         = ornaments(<font-feature-value-name>)
<annotation()>        = annotation(<font-feature-value-name>)
<numeric-figure-values>   = [ lining-nums | oldstyle-nums ]
<numeric-spacing-values>  = [ proportional-nums | tabular-nums ]
<numeric-fraction-values> = [ diagonal-fractions | stacked-fractions ]
<font-weight-absolute> = [ normal | bold | <number [1,1000]> ]
# @font-face rules
<font-src> = <url> [ format( <font-format> ) ]? [ tech( <font-tech># ) ]? | local( <font-family-name> )
<format()> = format( <font-format> )
<tech()> = tech( <font-tech># )
<local()> = local( <font-family-name> )
<font-format>\
    = [ <string> | collection | embedded-opentype | opentype\
      | svg | truetype | woff | woff2 ]
<font-tech>\
    = [ <font-features-tech> | <color-font-tech>\
      | variations | palettes | incremental ]
<font-features-tech>\
    = [ features-opentype | features-aat | features-graphite ]
<color-font-tech>\
    = [ color-COLRv0 | color-COLRv1 | color-SVG | color-sbix | color-CBDT ]
